종목코드,종목명,종가,대비,등락률,EPS,PER,선행 EPS,선행 PER,BPS,PBR,주당배당금,배당수익률
"095570","AJ네트웍스","5720","-10","-0.17","1707","3.35","967","5.91","8075","0.71","270","4.72"
"006840","AK홀딩스","17200","-150","-0.86",,,,,"45961","0.37","200","1.16"
"027410","BGF","4305","-40","-0.92","684","6.29","669","6.44","16393","0.26","110","2.56"
"282330","BGF리테일","210500","-1500","-0.71","8547","24.63","13348","15.77","46849","4.49","3000","1.43"
"138930","BNK금융지주","6500","-140","-2.11","2341","2.78","2607","2.49","28745","0.23","560","8.62"
"001460","BYC","366000","-4500","-1.21","35764","10.23",,,"577324","0.63","1500","0.41"
"001465","BYC우","142500","1000","0.71",,,,,,,"1550","1.09"
"001040","CJ","84100","-1400","-1.64","8197","10.26","10834","7.76","151085","0.56","2300","2.73"
"079160","CJ CGV","16950","-700","-3.97",,,,,"5520","3.07","0","0.00"
"00104K","CJ4우(전환)","72900","-1000","-1.35",,,,,,,"2350","3.22"
"000120","CJ대한통운","93700","-900","-0.95","1841","50.90","10094","9.28","178766","0.52","0","0.00"
"011150","CJ씨푸드","2875","120","4.36","61","47.13",,,"1857","1.55","0","0.00"
"011155","CJ씨푸드1우","25850","950","3.82",,,,,,,"0","0.00"
"001045","CJ우","49200","-600","-1.20",,,,,,,"2350","4.78"
"097950","CJ제일제당","380500","-8000","-2.06","38246","9.95","48554","7.84","381542","1.00","5000","1.31"
"097955","CJ제일제당 우","168500","0","0.00",,,,,,,"5050","3.00"
"000590","CS홀딩스","57600","-2300","-3.84","12789","4.50",,,"226165","0.25","500","0.87"
"012030","DB","803","-4","-0.50","114","7.04",,,"2292","0.35","0","0.00"
"016610","DB금융투자","4100","-120","-2.84","2831","1.45",,,"22133","0.19","500","12.20"
"005830","DB손해보험","65300","-700","-1.06","14482","4.51","12076","5.41","110605","0.59","3500","5.36"
"000990","DB하이텍","37150","-950","-2.49","7292","5.09","9378","3.96","25449","1.46","450","1.21"
"000995","DB하이텍1우","68900","0","0.00",,,,,,,"500","0.73"
"139130","DGB금융지주","6990","-200","-2.78","2886","2.42","2976","2.35","32507","0.22","630","9.01"
"001530","DI동일","15050","-400","-2.59","2200","6.84","2131","7.06","28838","0.52","200","1.33"
"000210","DL","59200","-1600","-2.63","41881","1.41","18525","3.20","173922","0.34","1900","3.21"
"001880","DL건설","14850","350","2.41","7911","1.88","4502","3.30","41105","0.36","750","5.05"
"000215","DL우","33900","-800","-2.31",,,,,,,"1950","5.75"
"375500","DL이앤씨","33750","-1150","-3.30","26903","1.25","10474","3.22","194338","0.17","2700","8.00"
"37550L","DL이앤씨2우(전환)","25700","-950","-3.56",,,,,,,"0","0.00"
"37550K","DL이앤씨우","23300","-500","-2.10",,,,,,,"2750","11.80"
"007340","DN오토모티브","64100","-1200","-1.84","9379","6.83","17410","3.68","82507","0.78","2000","3.12"
"004840","DRB동일","4080","-70","-1.69",,,,,"18916","0.22","30","0.74"
"155660","DSR","5530","-270","-4.66","768","7.20",,,"10991","0.50","50","0.90"
"069730","DSR제강","4775","-225","-4.50","529","9.03",,,"10683","0.45","40","0.84"
"017940","E1","45450","-350","-0.76","22789","1.99",,,"226210","0.20","2200","4.84"
"383220","F&F","144500","-3000","-2.03","6061","23.84","14082","10.26","14307","10.10","1100","0.76"
"007700","F&F홀딩스","30450","-1500","-4.69","88031","0.35",,,"49495","0.62","170","0.56"
"114090","GKL","18900","-150","-0.79",,,"1125","16.81","6201","3.05","0","0.00"
"078930","GS","43800","-950","-2.12","15304","2.86","20983","2.09","108672","0.40","2000","4.57"
"006360","GS건설","21150","-1000","-4.51","4834","4.38","5488","3.85","54487","0.39","1300","6.15"
"001250","GS글로벌","2250","-100","-4.26","283","7.95",,,"4013","0.56","0","0.00"
"007070","GS리테일","28150","-1050","-3.60","9096","3.09","2160","13.03","39822","0.71","1200","4.26"
"078935","GS우","34100","-150","-0.44",,,,,,,"2050","6.01"
"012630","HDC","5490","-170","-3.00","2069","2.65",,,"43552","0.13","250","4.55"
"039570","HDC랩스","7600","-390","-4.88","593","12.82",,,"11102","0.68","450","5.92"
"089470","HDC현대EP","3955","-70","-1.74","356","11.11",,,"10379","0.38","140","3.54"
"294870","HDC현대산업개발","10000","-200","-1.96","2679","3.73",,,"43665","0.23","600","6.00"
"267250","HD현대","57100","-3000","-4.99",,,"18332","3.11","89404","0.64","5550","9.72"
"097230","HJ중공업","3915","20","0.51",,,,,"5189","0.75","0","0.00"
"014790","HL D&I","2680","-125","-4.46","1122","2.39","977","2.74","8822","0.30","100","3.73"
"003580","HLB글로벌","5470","-140","-2.50",,,,,"2559","2.14","0","0.00"
"204320","HL만도","40300","-1800","-4.28","3567","11.30","5367","7.51","41672","0.97","800","1.99"
"060980","HL홀딩스","30750","350","1.15","10531","2.92","11271","2.73","102145","0.30","2000","6.50"
"011200","HMM","19550","-550","-2.74","13506","1.45","5116","3.82","21179","0.92","600","3.07"
"082740","HSD엔진","7420","10","0.13",,,"722","10.27","3511","2.11","0","0.00"
"003560","IHQ","423","-11","-2.53",,,,,"800","0.53","0","0.00"
"175330","JB금융지주","7890","-20","-0.25","2510","3.14","3041","2.59","21392","0.37","599","7.59"
"234080","JW생명과학","12150","-200","-1.62","829","14.66",,,"8492","1.43","500","4.12"
"001060","JW중외제약","18900","-450","-2.33",,,"1816","10.41","8650","2.18","325","1.72"
"001067","JW중외제약2우B","65100","400","0.62",,,,,,,"325","0.50"
"001065","JW중외제약우","32350","-550","-1.67",,,,,,,"350","1.08"
"096760","JW홀딩스","2980","-30","-1.00",,,,,"1356","2.20","90","3.02"
"105560","KB금융","48500","-950","-1.92","11134","4.36","11916","4.07","121808","0.40","2940","6.06"
"002380","KCC","204500","-14500","-6.62",,,"44500","4.60","657509","0.31","7000","3.42"
"344820","KCC글라스","36950","-550","-1.47","7353","5.03",,,"87084","0.42","2400","6.50"
"009070","KCTC","4550","-160","-3.40","681","6.68",,,"7431","0.61","60","1.32"
"009440","KC그린홀딩스","2820","-5","-0.18","122","23.11",,,"7257","0.39","70","2.48"
"119650","KC코트렐","1820","-75","-3.96","623","2.92",,,"2283","0.80","0","0.00"
"092220","KEC","1955","0","0.00","80","24.44","242","8.09","1884","1.04","0","0.00"
"016380","KG스틸","7390","-330","-4.27","1908","3.87",,,"11498","0.64","100","1.35"
"001390","KG케미칼","20550","-850","-3.97","5749","3.57",,,"34343","0.60","500","2.43"
"033180","KH 필룩스","663","-27","-3.91",,,,,"3088","0.21","0","0.00"
"001940","KISCO홀딩스","15650","-200","-1.26","8106","1.93",,,"68463","0.23","400","2.56"
"025000","KPX케미칼","51000","0","0.00","10123","5.04",,,"119120","0.43","2750","5.39"
"092230","KPX홀딩스","54000","-500","-0.92","11573","4.67",,,"208904","0.26","3000","5.56"
"000040","KR모터스","560","-2","-0.36",,,,,"385","1.45","0","0.00"
"044450","KSS해운","9250","-130","-1.39","2497","3.70",,,"15261","0.61","350","3.78"
"030200","KT","33800","-50","-0.15","5759","5.87","5105","6.62","63512","0.53","1910","5.65"
"033780","KT&G","91500","100","0.11","7898","11.59","8426","10.86","76336","1.20","4800","5.25"
"058850","KTcs","2185","-80","-3.53","454","4.81",,,"4374","0.50","100","4.58"
"058860","KTis","2415","-30","-1.23","767","3.15",,,"5909","0.41","100","4.14"
"093050","LF","15900","-300","-1.85","4169","3.81",,,"46904","0.34","600","3.77"
"003550","LG","78100","-1400","-1.76","15504","5.04","13393","5.83","132574","0.59","2800","3.59"
"034220","LG디스플레이","12450","-200","-1.58","3315","3.76",,,"36664","0.34","650","5.22"
"051900","LG생활건강","722000","-17000","-2.30","50395","14.33","32165","22.45","321556","2.25","12000","1.66"
"051905","LG생활건강우","315500","-5500","-1.71",,,,,,,"12050","3.82"
"373220","LG에너지솔루션","435500","-1000","-0.23","3963","109.89","7371","59.08","39831","10.93","0","0.00"
"003555","LG우","59700","-700","-1.16",,,,,,,"2850","4.77"
"032640","LG유플러스","11050","-300","-2.64","1642","6.73","1661","6.65","17852","0.62","550","4.98"
"011070","LG이노텍","252500","-11000","-4.17","37537","6.73","52873","4.78","140050","1.80","3000","1.19"
"066570","LG전자","86500","-2900","-3.24","5725","15.11","10623","8.14","95691","0.90","850","0.98"
"066575","LG전자우","42050","-500","-1.18",,,,,,,"900","2.14"
"037560","LG헬로비전","4400","-80","-1.79","348","12.64","516","8.53","8424","0.52","110","2.50"
"051910","LG화학","600000","-2000","-0.33","47108","12.74","37426","16.03","278455","2.15","12000","2.00"
"051915","LG화학우","277500","-4000","-1.42",,,,,,,"12050","4.34"
"079550","LIG넥스원","92200","600","0.66","4829","19.09","8158","11.30","35023","2.63","1200","1.30"
"006260","LS","69700","-2300","-3.19","10004","6.97","14729","4.73","127727","0.55","1450","2.08"
"010120","LS ELECTRIC","56400","-1500","-2.59","2890","19.52","5346","10.55","50525","1.12","1000","1.77"
"000680","LS네트웍스","2400","45","1.91","818","2.93",,,"7533","0.32","0","0.00"
"229640","LS전선아시아","7290","-260","-3.44","486","15.00","490","14.88","5107","1.43","240","3.29"
"108320","LX세미콘","71700","-2600","-3.50","18225","3.93","15365","4.67","49208","1.46","5400","7.53"
"001120","LX인터내셔널","33950","-2050","-5.69","9733","3.49","11540","2.94","49349","0.69","2300","6.77"
"108670","LX하우시스","31250","-400","-1.26","1306","23.93","1357","23.03","86527","0.36","300","0.96"
"108675","LX하우시스우","15900","-300","-1.85",,,,,,,"350","2.20"
"383800","LX홀딩스","8460","-190","-2.20","1839","4.60",,,"18209","0.46","0","0.00"
"38380K","LX홀딩스1우","11050","-200","-1.78",,,,,,,"0","0.00"
"023150","MH에탄올","7610","-240","-3.06","908","8.38",,,"9654","0.79","350","4.60"
"035420","NAVER","177500","-2500","-1.39","110854","1.60","7774","22.83","157641","1.13","511","0.29"
"181710","NHN","24900","0","0.00","3341","7.45","1579","15.77","53297","0.47","0","0.00"
"005940","NH투자증권","8770","-210","-2.34","3071","2.86","1558","5.63","21630","0.41","1050","11.97"
"005945","NH투자증권우","8740","-140","-1.58",,,,,,,"1100","12.59"
"034310","NICE","12900","-350","-2.64","1548","8.33",,,"20040","0.64","375","2.91"
"008260","NI스틸","4475","5","0.11","771","5.80",,,"4960","0.90","75","1.68"
"004250","NPC","5820","-270","-4.43","624","9.33",,,"7686","0.76","100","1.72"
"004255","NPC우","3010","-160","-5.05",,,,,,,"105","3.49"
"010060","OCI","80800","-3800","-4.49","27387","2.95","32747","2.47","128783","0.63","2000","2.48"
"178920","PI첨단소재","28900","-1000","-3.34","2179","13.26","1944","14.86","11097","2.60","1090","3.77"
"005490","POSCO홀딩스","276500","-14500","-4.98","87330","3.17","48688","5.68","666803","0.41","17000","6.15"
"010950","S-Oil","83400","-2900","-3.36","11840","7.04","15691","5.32","60024","1.39","3800","4.56"
"010955","S-Oil우","53900","-1700","-3.06",,,,,,,"3825","7.10"
"034120","SBS","34550","-100","-0.29","7693","4.49","7083","4.88","37150","0.93","1000","2.89"
"005090","SGC에너지","30950","-1000","-3.13","4270","7.25","7884","3.93","41630","0.74","1500","4.85"
"001380","SG글로벌","1705","-60","-3.40",,,,,"2735","0.62","0","0.00"
"004060","SG세계물산","534","-12","-2.20","232","2.30",,,"1207","0.44","0","0.00"
"001770","SHD","31900","-1000","-3.04","4768","6.69",,,"33420","0.95","100","0.31"
"002360","SH에너지화학","821","-22","-2.61","6","136.83",,,"835","0.98","10","1.22"
"009160","SIMPAC","4685","-260","-5.26","1621","2.89",,,"9786","0.48","200","4.27"
"123700","SJM","4200","-185","-4.22","456","9.21",,,"11373","0.37","150","3.57"
"025530","SJM홀딩스","3425","-210","-5.78","314","10.91",,,"11249","0.30","175","5.11"
"034730","SK","189000","-7500","-3.82","37408","5.05","27684","6.83","375047","0.50","8000","4.23"
"011790","SKC","88500","-900","-1.01","6174","14.33","3903","22.68","55782","1.59","1100","1.24"
"018670","SK가스","115500","-2500","-2.12","27773","4.16","21956","5.26","235917","0.49","5100","4.42"
"001740","SK네트웍스","3870","-90","-2.27","451","8.58","205","18.89","10056","0.38","120","3.10"
"001745","SK네트웍스우","37500","-2350","-5.90",,,,,,,"145","0.39"
"006120","SK디스커버리","30250","-750","-2.42","10478","2.89",,,"121961","0.25","1500","4.96"
"006125","SK디스커버리우","28000","-500","-1.75",,,,,,,"1550","5.54"
"210980","SK디앤디","20050","-450","-2.20","5910","3.39","4357","4.60","26427","0.76","800","3.99"
"068400","SK렌터카","6660","-200","-2.92","453","14.70","898","7.42","10651","0.63","0","0.00"
"302440","SK바이오사이언스","73500","-1500","-2.00","4844","15.17","1599","45.98","20932","3.51","0","0.00"
"326030","SK바이오팜","72100","0","0.00","828","87.08",,,"5672","12.71","0","0.00"
"402340","SK스퀘어","33550","-950","-2.75","2653","12.65","3734","8.99","117868","0.28","0","0.00"
"361610","SK아이이테크놀로지","53000","-800","-1.49","1394","38.02","1010","52.49","31084","1.71","0","0.00"
"03473K","SK우","168000","-2000","-1.18",,,,,,,"8050","4.79"
"096770","SK이노베이션","154000","-2500","-1.60","3640","42.31","21330","7.22","206117","0.75","2508","1.63"
"096775","SK이노베이션우","93900","-2300","-2.39",,,,,,,"2558","2.72"
"001510","SK증권","618","-20","-3.13","92","6.72",,,"1446","0.43","15","2.43"
"001515","SK증권우","2570","-20","-0.77",,,,,,,"20","0.78"
"285130","SK케미칼","73200","-4700","-6.03","8586","8.53",,,"105002","0.70","3000","4.10"
"28513K","SK케미칼우","37700","-1400","-3.58",,,,,,,"3050","8.09"
"017670","SK텔레콤","47400","-800","-1.66","7191","6.59","5215","9.09","53218","0.89","3295","6.95"
"000660","SK하이닉스","75000","-1000","-1.32","13989","5.36",,,"90394","0.83","1540","2.05"
"064960","SNT모티브","42000","-500","-1.18","5787","7.26","6051","6.94","61655","0.68","1600","3.81"
"100840","SNT에너지","18650","-800","-4.11","1957","9.53",,,"37171","0.50","800","4.29"
"003570","SNT중공업","9340","-90","-0.95","2666","3.50","1013","9.22","29158","0.32","400","4.28"
"036530","SNT홀딩스","15700","-300","-1.88","5329","2.95",,,"65710","0.24","700","4.46"
"005610","SPC삼립","71300","-800","-1.11","4990","14.29","7854","9.08","41335","1.72","1500","2.10"
"011810","STX","5500","-660","-10.71",,,,,"2337","2.35","0","0.00"
"077970","STX엔진","13450","450","3.46","2","6725.00",,,"10271","1.31","0","0.00"
"071970","STX중공업","7080","-390","-5.22",,,,,"5428","1.30","0","0.00"
"002820","SUN&L","3100","-90","-2.82",,,,,"14375","0.22","80","2.58"
"084870","TBH글로벌","1640","-80","-4.65",,,,,"2622","0.63","0","0.00"
"002710","TCC스틸","9350","-70","-0.74","1242","7.53",,,"6507","1.44","150","1.60"
"069260","TKG휴켐스","20000","-500","-2.44","1972","10.14","2833","7.06","18226","1.10","1000","5.00"
"002900","TYM","2880","-50","-1.71","195","14.77","756","3.81","1714","1.68","20","0.69"
"024070","WISCOM","2695","0","0.00","79","34.11",,,"7839","0.34","50","1.86"
"037270","YG PLUS","4410","-25","-0.56","348","12.67",,,"2125","2.08","0","0.00"
"000500","가온전선","19500","-900","-4.41","1285","15.18",,,"58877","0.33","420","2.15"
"000860","강남제비스코","20750","-250","-1.19","6948","2.99",,,"90881","0.23","500","2.41"
"035250","강원랜드","23200","-350","-1.49",,,"1610","14.41","16044","1.45","0","0.00"
"011420","갤럭시아에스엠","1700","-45","-2.58","134","12.69",,,"1200","1.42","0","0.00"
"002100","경농","10100","-250","-2.42","890","11.35",,,"11888","0.85","350","3.47"
"009450","경동나비엔","33800","-300","-0.88","5898","5.73",,,"31164","1.08","450","1.33"
"267290","경동도시가스","25300","-1550","-5.77","3756","6.74",,,"63687","0.40","875","3.46"
"012320","경동인베스트","98500","-4500","-4.37","6714","14.67",,,"197979","0.50","750","0.76"
"000050","경방","10800","-300","-2.70","872","12.39",,,"30033","0.36","125","1.16"
"214390","경보제약","10000","70","0.70",,,,,"6095","1.64","50","0.50"
"012610","경인양행","4090","-110","-2.62","589","6.94",,,"5553","0.74","50","1.22"
"009140","경인전자","24200","-200","-0.82","2843","8.51",,,"45795","0.53","250","1.03"
"013580","계룡건설","18200","150","0.83","17601","1.03",,,"78914","0.23","800","4.40"
"012200","계양전기","3170","-90","-2.76",,,,,"5389","0.59","35","1.10"
"012205","계양전기우","5200","-80","-1.52",,,,,,,"40","0.77"
"002140","고려산업","3470","-95","-2.66","183","18.96",,,"4323","0.80","40","1.15"
"010130","고려아연","564000","-11000","-1.91","45648","12.36","39694","14.21","430439","1.31","20000","3.55"
"002240","고려제강","19500","-500","-2.50","5193","3.76",,,"61131","0.32","300","1.54"
"009290","광동제약","5960","-80","-1.32","585","10.19",,,"12151","0.49","100","1.68"
"017040","광명전기","2085","-85","-3.92","134","15.56",,,"2486","0.84","10","0.48"
"017900","광전자","2185","-20","-0.91","219","9.98",,,"4165","0.52","50","2.29"
"037710","광주신세계","32000","-300","-0.93","6584","4.86",,,"93727","0.34","1700","5.31"
"030610","교보증권","5260","-100","-1.87","2255","2.33",,,"21947","0.24","500","9.51"
"339770","교촌에프앤비","9200","-290","-3.06","1195","7.70","957","9.62","7197","1.28","300","3.26"
"007690","국도화학","42750","-1300","-2.95","21321","2.01",,,"92708","0.46","2200","5.15"
"005320","국동","1085","-55","-4.82",,,,,"1901","0.57","0","0.00"
"001140","국보","728","-55","-7.02",,,,,"477","1.53","0","0.00"
"002720","국제약품","5500","-240","-4.18",,,,,"3565","1.54","0","0.00"
"083420","그린케미칼","9570","-330","-3.33","683","14.01",,,"5290","1.81","220","2.30"
"014530","극동유화","3630","-165","-4.35","339","10.71",,,"5350","0.68","160","4.41"
"014280","금강공업","6190","-330","-5.06","762","8.12",,,"11309","0.55","100","1.62"
"014285","금강공업우","11950","250","2.14",,,,,,,"110","0.92"
"008870","금비","109000","-6500","-5.63","4566","23.87",,,"129156","0.84","1600","1.47"
"001570","금양","23900","300","1.27","295","81.02",,,"2530","9.45","0","0.00"
"002990","금호건설","7000","-310","-4.24","4130","1.69","1929","3.63","18202","0.38","800","11.43"
"002995","금호건설우","21850","-400","-1.80",,,,,,,"850","3.89"
"011780","금호석유","126000","-7000","-5.26","70433","1.79","23573","5.35","181037","0.70","10000","7.94"
"011785","금호석유우","81000","-2700","-3.23",,,,,,,"10050","12.41"
"214330","금호에이치티","892","-19","-2.09",,,,,"1855","0.48","0","0.00"
"001210","금호전기","920","-28","-2.95",,,,,"1541","0.60","0","0.00"
"073240","금호타이어","2780","-130","-4.47",,,,,"4083","0.68","0","0.00"
"092440","기신정기","3430","-30","-0.87","291","11.79",,,"8569","0.40","150","4.37"
"000270","기아","59300","-1600","-2.63","11874","4.99","16000","3.71","87073","0.68","3000","5.06"
"024110","기업은행","9820","-180","-1.80","2877","3.41","3634","2.70","34345","0.29","780","7.94"
"013700","까뮤이앤씨","2130","5","0.24",,,,,"2230","0.96","20","0.94"
"004540","깨끗한나라","2800","-55","-1.93","225","12.44",,,"6103","0.46","0","0.00"
"004545","깨끗한나라우","17550","-450","-2.50",,,,,,,"0","0.00"
"001260","남광토건","8780","-220","-2.44","2208","3.98",,,"8935","0.98","0","0.00"
"008350","남선알미늄","2130","-110","-4.91","377","5.65",,,"2135","1.00","0","0.00"
"008355","남선알미우","27100","-800","-2.87",,,,,,,"0","0.00"
"004270","남성","1930","-100","-4.93","226","8.54",,,"3790","0.51","25","1.30"
"003920","남양유업","489000","-3500","-0.71",,,,,"960522","0.51","1000","0.20"
"003925","남양유업우","242500","-500","-0.21",,,,,,,"1050","0.43"
"025860","남해화학","8510","-190","-2.18","452","18.83",,,"9748","0.87","60","0.71"
"005720","넥센","4105","-30","-0.73","521","7.88",,,"19877","0.21","100","2.44"
"005725","넥센우","3270","-135","-3.96",,,,,,,"105","3.21"
"002350","넥센타이어","6120","-370","-5.70","45","136.00","939","6.52","15543","0.39","105","1.72"
"002355","넥센타이어1우B","2655","-190","-6.68",,,,,,,"110","4.14"
"251270","넷마블","60400","9100","17.74","2933","20.59","451","133.84","70683","0.85","528","0.87"
"090350","노루페인트","7740","-220","-2.76","706","10.96",,,"16859","0.46","275","3.55"
"090355","노루페인트우","15300","100","0.66",,,,,,,"280","1.83"
"000320","노루홀딩스","9970","-380","-3.67","153","65.16","815","12.24","35333","0.28","450","4.51"
"000325","노루홀딩스우","22200","-150","-0.67",,,,,,,"455","2.05"
"006280","녹십자","129500","-4000","-3.00","10796","12.00","6210","20.85","111693","1.16","2000","1.54"
"005250","녹십자홀딩스","17000","-600","-3.41","1222","13.91",,,"22586","0.75","400","2.35"
"005257","녹십자홀딩스2우","32950","250","0.76",,,,,,,"400","1.21"
"004370","농심","357000","0","0.00","17263","20.68","22178","16.10","377778","0.94","4000","1.12"
"072710","농심홀딩스","66500","-300","-0.45","10581","6.28",,,"223666","0.30","2000","3.01"
"058730","다스코","4550","-235","-4.91",,,,,"7481","0.61","0","0.00"
"030210","다올투자증권","2800","-100","-3.45","2669","1.05",,,"10191","0.27","250","8.93"
"023590","다우기술","19200","-450","-2.29","8693","2.21",,,"45679","0.42","600","3.13"
"145210","다이나믹디자인","3590","-195","-5.15",,,,,"7920","0.45","0","0.00"
"019680","대교","2615","50","1.95",,,"5","544.60","6083","0.43","80","3.06"
"019685","대교우B","1685","-70","-3.99",,,,,,,"90","5.34"
"006370","대구백화점","9820","-10","-0.10",,,,,"30511","0.32","100","1.02"
"008060","대덕","6210","-150","-2.36",,,,,"16976","0.37","300","4.83"
"00806K","대덕1우","9360","-40","-0.43",,,,,,,"305","3.26"
"353200","대덕전자","18900","-500","-2.58","1223","15.45","4344","4.35","13237","1.43","300","1.59"
"35320K","대덕전자1우","9910","-540","-5.17",,,,,,,"305","3.08"
"000490","대동","12950","-300","-2.26","1619","8.00",,,"16953","0.76","80","0.62"
"008110","대동전자","9320","-330","-3.42","1015","9.18",,,"20487","0.45","250","2.68"
"005750","대림B&Co","3770","-25","-0.66","66","57.12",,,"9477","0.40","130","3.45"
"006570","대림통상","3570","-210","-5.56","19","187.89",,,"5032","0.71","0","0.00"
"001680","대상","21900","-450","-2.01","4001","5.47","3343","6.55","34063","0.64","800","3.65"
"001685","대상우","15650","50","0.32",,,,,,,"810","5.18"
"084690","대상홀딩스","7740","-40","-0.51","1450","5.34",,,"19055","0.41","240","3.10"
"084695","대상홀딩스우","8980","-70","-0.77",,,,,,,"250","2.78"
"128820","대성산업","3850","-125","-3.14",,,,,"12567","0.31","0","0.00"
"117580","대성에너지","9140","-680","-6.92","435","21.01",,,"11669","0.78","250","2.74"
"016710","대성홀딩스","109500","-4500","-3.95","1040","105.29",,,"29257","3.74","250","0.23"
"003540","대신증권","12900","-350","-2.64","9323","1.38","1706","7.56","39313","0.33","1400","10.85"
"003547","대신증권2우B","11300","-400","-3.42",,,,,,,"1400","12.39"
"003545","대신증권우","11600","-350","-2.93",,,,,,,"1450","12.50"
"009190","대양금속","3200","25","0.79","481","6.65",,,"2217","1.44","0","0.00"
"014160","대영포장","1530","-20","-1.29","97","15.77",,,"1622","0.94","0","0.00"
"047040","대우건설","4180","-90","-2.11","1180","3.54","1229","3.40","7817","0.53","0","0.00"
"009320","대우부품","1440","-10","-0.69",,,,,"734","1.96","0","0.00"
"042660","대우조선해양","18950","-300","-1.56",,,"1667","11.37","20672","0.92","0","0.00"
"003090","대웅","20350","-500","-2.40","1897","10.73",,,"17576","1.16","100","0.49"
"069620","대웅제약","158500","-3000","-1.86","2241","70.73","7726","20.52","51816","3.06","600","0.38"
"000430","대원강업","3390","-210","-5.83",,,"161","21.02","7461","0.45","100","2.95"
"006340","대원전선","1100","-30","-2.65","18","61.11",,,"1190","0.92","0","0.00"
"006345","대원전선우","2365","40","1.72",,,,,,,"0","0.00"
"003220","대원제약","18750","50","0.27","330","56.82","1829","10.25","10366","1.81","200","1.07"
"024890","대원화성","2325","-45","-1.90",,,,,"1742","1.33","0","0.00"
"002880","대유에이텍","711","2","0.28",,,,,"822","0.86","0","0.00"
"000300","대유플러스","750","-31","-3.97",,,,,"857","0.88","0","0.00"
"012800","대창","1205","-30","-2.43","338","3.57",,,"3187","0.38","30","2.49"
"015230","대창단조","8090","-380","-4.49","1029","7.86","1470","5.50","8239","0.98","135","1.67"
"001070","대한방직","51400","0","0.00","433","118.71",,,"38608","1.33","0","0.00"
"006650","대한유화","171500","-1000","-0.58","24277","7.06","10515","16.31","328546","0.52","3500","2.04"
"001440","대한전선","1495","-45","-2.92","33","45.30",,,"439","3.41","0","0.00"
"084010","대한제강","10850","-500","-4.41","6563","1.65","5070","2.14","30114","0.36","400","3.69"
"001790","대한제당","2545","-125","-4.68","220","11.57",,,"5313","0.48","110","4.32"
"001795","대한제당우","2340","-80","-3.31",,,,,,,"115","4.91"
"001130","대한제분","132500","-4000","-2.93","52446","2.53",,,"534606","0.25","2500","1.89"
"003490","대한항공","22950","-1350","-5.56","1743","13.17","4307","5.33","19356","1.19","0","0.00"
"003495","대한항공우","30700","-1050","-3.31",,,,,,,"0","0.00"
"005880","대한해운","2175","-20","-0.91","891","2.44","616","3.53","4140","0.53","0","0.00"
"003830","대한화섬","117000","0","0.00","21701","5.39",,,"660594","0.18","750","0.64"
"016090","대현","2190","-135","-5.81","435","5.03",,,"4991","0.44","90","4.11"
"069460","대호에이엘","1300","-40","-2.99",,,,,"1368","0.95","0","0.00"
"192080","더블유게임즈","47250","-800","-1.66","7391","6.39","6803","6.95","49639","0.95","700","1.48"
"012510","더존비즈온","36850","-1000","-2.64","1704","21.63","1384","26.64","15708","2.35","450","1.22"
"004830","덕성","5000","-90","-1.77","372","13.44",,,"5252","0.95","45","0.90"
"004835","덕성우","5810","-50","-0.85",,,,,,,"50","0.86"
"024900","덕양산업","2395","-5","-0.21","191","12.54",,,"1711","1.40","0","0.00"
"145720","덴티움","100000","300","0.30","6434","15.54","10742","9.31","33841","2.95","250","0.25"
"002150","도화엔지니어링","8210","-400","-4.65","451","18.20",,,"7976","1.03","280","3.41"
"001230","동국제강","11150","-550","-4.70","5888","1.89","4771","2.34","28552","0.39","400","3.59"
"023450","동남합성","54400","-200","-0.37","3271","16.63",,,"12909","4.21","4300","7.90"
"004140","동방","2645","-140","-5.03",,,,,"2706","0.98","0","0.00"
"007590","동방아그로","6310","-180","-2.77","570","11.07",,,"11814","0.53","350","5.55"
"005960","동부건설","7260","-260","-3.46","5103","1.42",,,"24388","0.30","900","12.40"
"005965","동부건설우","28100","-1400","-4.75",,,,,,,"950","3.38"
"026960","동서","20200","-1000","-4.72","1149","17.58",,,"14531","1.39","700","3.47"
"002210","동성제약","6680","20","0.30",,,,,"2008","3.33","0","0.00"
"102260","동성케미컬","4730","-10","-0.21","371","12.75",,,"6992","0.68","200","4.23"
"000640","동아쏘시오홀딩스","101500","-1000","-0.98","9768","10.39","10388","9.77","154410","0.66","1500","1.48"
"170900","동아에스티","60800","-1100","-1.78","1490","40.81","3749","16.22","76290","0.80","1000","1.64"
"028100","동아지질","12150","-550","-4.33","412","29.49",,,"18086","0.67","350","2.88"
"282690","동아타이어","11350","-100","-0.87","1204","9.43",,,"26982","0.42","1000","8.81"
"001520","동양","1000","-25","-2.44","81","12.35",,,"4010","0.25","40","4.00"
"001527","동양2우B","12600","-300","-2.33",,,,,,,"150","1.19"
"084670","동양고속","13850","-450","-3.15",,,,,"32252","0.43","0","0.00"
"082640","동양생명","4860","-190","-3.76","1768","2.75","1233","3.94","19530","0.25","620","12.76"
"001525","동양우","6390","-20","-0.31",,,,,,,"90","1.41"
"008970","동양철관","943","-30","-3.08",,,,,"708","1.33","0","0.00"
"092780","동양피스톤","4795","-80","-1.64","581","8.25",,,"8406","0.57","60","1.25"
"049770","동원F&B","157000","-3000","-1.88","18009","8.72","21903","7.17","206995","0.76","3500","2.23"
"018500","동원금속","1000","-45","-4.31","485","2.06",,,"1314","0.76","0","0.00"
"006040","동원산업","49350","-2550","-4.91","9921","4.97",,,"84257","0.59","1000","2.03"
"030720","동원수산","8680","-290","-3.23","1604","5.41",,,"12199","0.71","0","0.00"
"014820","동원시스템즈","40600","-2000","-4.69","1499","27.08","2673","15.19","22662","1.79","600","1.48"
"014825","동원시스템즈우","29400","0","0.00",,,,,,,"650","2.21"
"163560","동일고무벨트","6200","-410","-6.20","436","14.22",,,"14643","0.42","80","1.29"
"004890","동일산업","185500","1000","0.54","20212","9.18",,,"185606","1.00","4000","2.16"
"002690","동일제강","2070","-75","-3.50","542","3.82",,,"7761","0.27","20","0.97"
"000020","동화약품","9260","-260","-2.73","647","14.31",,,"12534","0.74","180","1.94"
"000150","두산","83100","-500","-0.60","11890","6.99","10677","7.78","121631","0.68","2000","2.41"
"000157","두산2우B","81100","-1300","-1.58",,,,,,,"2000","2.47"
"241560","두산밥캣","34600","-1400","-3.89","3845","9.00","6363","5.44","43105","0.80","1200","3.47"
"034020","두산에너빌리티","15400","-300","-1.91","1052","14.64","762","20.22","11261","1.37","0","0.00"
"000155","두산우","47550","-1100","-2.26",,,,,,,"2050","4.31"
"336260","두산퓨얼셀","29350","-1100","-3.61","106","276.89","323","90.77","6332","4.64","0","0.00"
"33626K","두산퓨얼셀1우","9330","-490","-4.99",,,,,,,"0","0.00"
"33626L","두산퓨얼셀2우B","11700","-200","-1.68",,,,,,,"0","0.00"
"016740","두올","2445","-45","-1.81","492","4.97",,,"5970","0.41","80","3.27"
"192650","드림텍","9100","-350","-3.70","1071","8.50",,,"5263","1.73","300","3.30"
"024090","디씨엠","13550","-400","-2.87","5524","2.45",,,"25636","0.53","900","6.64"
"003160","디아이","4745","-170","-3.46","592","8.02",,,"5534","0.86","200","4.21"
"092200","디아이씨","3370","-30","-0.88","753","4.48",,,"2400","1.40","0","0.00"
"013570","디와이","5300","-150","-2.75",,,,,"13963","0.38","120","2.26"
"210540","디와이파워","12250","-550","-4.30","2814","4.35",,,"20476","0.60","300","2.45"
"115390","락앤락","6270","-30","-0.48","311","20.16",,,"13779","0.46","0","0.00"
"032350","롯데관광개발","14450","-150","-1.03",,,,,"811","17.82","0","0.00"
"089860","롯데렌탈","27650","-550","-1.95","3687","7.50","4642","5.96","33557","0.82","900","3.25"
"000400","롯데손해보험","1415","5","0.35","379","3.73",,,"3242","0.44","0","0.00"
"023530","롯데쇼핑","91000","-1800","-1.94",,,"8243","11.04","356677","0.26","2800","3.08"
"004000","롯데정밀화학","56700","-1300","-2.24","22986","2.47","13678","4.15","86322","0.66","2300","4.06"
"286940","롯데정보통신","23500","-500","-2.08","2291","10.26","2199","10.69","28633","0.82","700","2.98"
"280360","롯데제과","122500","-1000","-0.81","5442","22.51","15070","8.13","192466","0.64","1600","1.31"
"004990","롯데지주","30800","-1350","-4.20","4315","7.14","3271","9.42","97570","0.32","1500","4.87"
"00499K","롯데지주우","42400","0","0.00",,,,,,,"1550","3.66"
"005300","롯데칠성","176000","-2500","-1.40","13341","13.19","16094","10.94","143885","1.22","3000","1.70"
"005305","롯데칠성우","74600","0","0.00",,,,,,,"3005","4.03"
"011170","롯데케미칼","178500","-6000","-3.25","37395","4.77","13927","12.82","400457","0.45","8300","4.65"
"071840","롯데하이마트","12250","-450","-3.54",,,,,"78984","0.16","1000","8.16"
"027740","마니커","1195","25","2.14",,,,,"745","1.60","0","0.00"
"001080","만호제강","29500","-1900","-6.05","2168","13.61",,,"79971","0.37","250","0.85"
"138040","메리츠금융지주","42700","450","1.07","5932","7.20","12473","3.42","29591","1.44","210","0.49"
"008560","메리츠증권","6240","10","0.16","1201","5.20","871","7.17","8360","0.75","100","1.60"
"000060","메리츠화재","49700","200","0.40","5768","8.62","7773","6.39","22086","2.25","620","1.25"
"090370","메타랩스","2445","-50","-2.00",,,,,"3520","0.69","0","0.00"
"017180","명문제약","2870","45","1.59",,,,,"2374","1.21","0","0.00"
"009900","명신산업","14350","-200","-1.37","956","15.01","1981","7.24","5662","2.53","0","0.00"
"012690","모나리자","2850","-95","-3.23","89","32.02",,,"2058","1.38","0","0.00"
"005360","모나미","3175","-90","-2.76","827","3.84",,,"5405","0.59","100","3.15"
"009680","모토닉","8040","-130","-1.59","548","14.67",,,"19169","0.42","400","4.98"
"009580","무림P&P","4350","-90","-2.03","298","14.60","1828","2.38","9788","0.44","125","2.87"
"009200","무림페이퍼","2450","-105","-4.11",,,,,"9473","0.26","25","1.02"
"033920","무학","4935","-65","-1.30",,,,,"18822","0.26","230","4.66"
"008420","문배철강","3220","-110","-3.30","1295","2.49",,,"7298","0.44","75","2.33"
"025560","미래산업","10850","-700","-6.06","1843","5.89",,,"19102","0.57","0","0.00"
"007120","미래아이앤지","280","-6","-2.10",,,,,"552","0.51","0","0.00"
"085620","미래에셋생명","2890","-10","-0.34","604","4.78","559","5.17","14579","0.20","100","3.46"
"006800","미래에셋증권","6080","-280","-4.40","1803","3.37","930","6.54","16780","0.36","300","4.93"
"00680K","미래에셋증권2우B","3580","-35","-0.97",,,,,,,"300","8.38"
"006805","미래에셋증권우","4040","-75","-1.82",,,,,,,"330","8.17"
"002840","미원상사","166000","-500","-0.30","11641","14.26",,,"59795","2.78","6000","3.61"
"268280","미원에스씨","154000","0","0.00","15897","9.69",,,"65109","2.37","2100","1.36"
"107590","미원홀딩스","110000","0","0.00","14308","7.69",,,"87327","1.26","500","0.45"
"134380","미원화학","68700","0","0.00","5571","12.33",,,"58718","1.17","2500","3.64"
"003650","미창석유","72900","100","0.14","21903","3.33",,,"199594","0.37","2500","3.43"
"377740","바이오노트","8580","-290","-3.27","7232","1.19","4497","1.91","13602","0.63","534","6.22"
"003610","방림","4780","-290","-5.72","191","25.03",,,"5145","0.93","45","0.94"
"001340","백광산업","4310","-20","-0.46","337","12.79",,,"4293","1.00","50","1.16"
"035150","백산","8180","-210","-2.50","797","10.26","2012","4.06","6016","1.36","100","1.22"
"002410","범양건영","3380","-140","-3.98","194","17.42",,,"3456","0.98","0","0.00"
"007210","벽산","2020","-10","-0.49",,,,,"4049","0.50","10","0.50"
"002760","보락","1610","-35","-2.13","28","57.50",,,"760","2.12","5","0.31"
"003850","보령","9060","-390","-4.13","689","13.15","695","13.04","7192","1.26","100","1.10"
"000890","보해양조","617","-3","-0.48",,,,,"611","1.01","0","0.00"
"003000","부광약품","8750","-310","-3.42",,,,,"3938","2.22","100","1.14"
"001270","부국증권","18150","0","0.00","8672","2.09",,,"74017","0.25","1600","8.82"
"001275","부국증권우","18000","-350","-1.91",,,,,,,"1650","9.17"
"026940","부국철강","3205","-140","-4.19","440","7.28",,,"6021","0.53","75","2.34"
"011390","부산산업","72500","-2300","-3.07",,,,,"52585","1.38","250","0.34"
"005030","부산주공","643","-36","-5.30",,,,,"351","1.83","0","0.00"
"002070","비비안","1270","-35","-2.68",,,,,"3466","0.37","0","0.00"
"100220","비상교육","5850","-120","-2.01","494","11.84",,,"16316","0.36","220","3.76"
"030790","비케이탑스","904","0","0.00",,,,,"333","2.71","0","0.00"
"005180","빙그레","39250","-850","-2.12",,,"3208","12.24","63095","0.62","1400","3.57"
"003960","사조대림","27150","-350","-1.27","8528","3.18",,,"57550","0.47","300","1.10"
"008040","사조동아원","902","-33","-3.53","18","50.11",,,"1617","0.56","0","0.00"
"007160","사조산업","45000","-350","-0.77","9031","4.98",,,"90026","0.50","300","0.67"
"014710","사조씨푸드","4525","-105","-2.27","572","7.91",,,"13357","0.34","60","1.33"
"006090","사조오양","7990","-70","-0.87","1674","4.77",,,"20876","0.38","200","2.50"
"001470","삼부토건","1240","-60","-4.62","59","21.02",,,"1670","0.74","0","0.00"
"006400","삼성SDI","591000","-12000","-1.99","17492","33.79","32389","18.25","219885","2.69","1000","0.17"
"006405","삼성SDI우","277000","-7000","-2.46",,,,,,,"1050","0.38"
"006660","삼성공조","9750","0","0.00",,,,,"27193","0.36","80","0.82"
"028260","삼성물산","113500","-4500","-3.81","9913","11.45","10491","10.82","184352","0.62","4200","3.70"
"02826K","삼성물산우B","102000","-4000","-3.77",,,,,,,"4250","4.17"
"207940","삼성바이오로직스","821000","-9000","-1.08","5879","139.65","10775","76.19","74551","11.01","0","0.00"
"032830","삼성생명","71000","-1000","-1.39","8183","8.68","6610","10.74","210566","0.34","3000","4.23"
"018260","삼성에스디에스","123000","-2500","-1.99","7901","15.57","9926","12.39","93454","1.32","2400","1.95"
"028050","삼성엔지니어링","22250","-850","-3.68","1900","11.71","2591","8.59","10216","2.18","0","0.00"
"009150","삼성전기","130500","-3500","-2.61","11811","11.05","11159","11.70","88937","1.47","2100","1.61"
"009155","삼성전기우","64000","-400","-0.62",,,,,,,"2150","3.36"
"005930","삼성전자","55300","-1300","-2.30","5777","9.57","3493","15.83","43611","1.27","1444","2.61"
"005935","삼성전자우","50500","-800","-1.56",,,,,,,"1445","2.86"
"001360","삼성제약","2685","-40","-1.47",,,,,"1896","1.42","0","0.00"
"010140","삼성중공업","5110","-110","-2.11",,,"65","78.50","4813","1.06","0","0.00"
"010145","삼성중공우","123500","-17500","-12.41",,,,,,,"0","0.00"
"016360","삼성증권","31450","-700","-2.18","10810","2.91","6346","4.96","68096","0.46","3800","12.08"
"068290","삼성출판사","24200","50","0.21","316","76.58",,,"18982","1.27","200","0.83"
"029780","삼성카드","29550","-500","-1.66","5164","5.72","4593","6.43","70408","0.42","2300","7.78"
"000810","삼성화재","200000","-6000","-2.91","26399","7.58","21210","9.43","363848","0.55","12000","6.00"
"000815","삼성화재우","153000","-500","-0.33",,,,,,,"12005","7.85"
"006110","삼아알미늄","41400","3000","7.81","1105","37.47",,,"11093","3.73","200","0.48"
"145990","삼양사","38550","-600","-1.53","4099","9.40",,,"125904","0.31","1250","3.24"
"145995","삼양사우","29500","-300","-1.01",,,,,,,"1300","4.41"
"003230","삼양식품","127000","-2000","-1.55","7481","16.98","12366","10.27","51826","2.45","1000","0.79"
"002170","삼양통상","52800","0","0.00","11630","4.54",,,"142633","0.37","1250","2.37"
"272550","삼양패키징","18650","50","0.27","2132","8.75",,,"22607","0.82","1000","5.36"
"000070","삼양홀딩스","68700","-300","-0.43","30711","2.24",,,"226314","0.30","3000","4.37"
"000075","삼양홀딩스우","55500","-100","-0.18",,,,,,,"3050","5.50"
"002810","삼영무역","12450","-200","-1.58","2288","5.44",,,"23697","0.53","550","4.42"
"005680","삼영전자","9300","-140","-1.48","851","10.93","850","10.94","25588","0.36","300","3.23"
"003720","삼영화학","2410","-90","-3.60","102","23.63",,,"1434","1.68","0","0.00"
"023000","삼원강재","2670","-35","-1.29","222","12.03",,,"5504","0.49","105","3.93"
"004380","삼익THK","11850","-250","-2.07","571","20.75",,,"9536","1.24","300","2.53"
"002450","삼익악기","1285","-45","-3.38","294","4.37","302","4.26","3074","0.42","50","3.89"
"004440","삼일씨엔에스","5600","-190","-3.28",,,,,"21552","0.26","0","0.00"
"000520","삼일제약","8580","240","2.88",,,"439","19.55","5254","1.63","80","0.93"
"009770","삼정펄프","25500","-300","-1.16","3046","8.37",,,"86449","0.29","1000","3.92"
"005500","삼진제약","25650","-200","-0.77","2308","11.11","2014","12.73","19034","1.35","800","3.12"
"004690","삼천리","391000","-18000","-4.40","17385","22.49","16646","23.49","392735","1.00","3000","0.77"
"010960","삼호개발","3820","-125","-3.17","621","6.15",,,"9871","0.39","190","4.97"
"004450","삼화왕관","36850","-1000","-2.64","780","47.24",,,"78782","0.47","1250","3.39"
"009470","삼화전기","13700","-500","-3.52","2131","6.43",,,"9852","1.39","300","2.19"
"011230","삼화전자","2890","35","1.23",,,,,"1230","2.35","0","0.00"
"001820","삼화콘덴서","30000","-1000","-3.23","2770","10.83","2982","10.06","19654","1.53","500","1.67"
"000390","삼화페인트","5880","-120","-2.00",,,,,"12494","0.47","100","1.70"
"001290","상상인증권","760","4","0.53","95","8.00",,,"2041","0.37","0","0.00"
"041650","상신브레이크","3025","-205","-6.35","506","5.98",,,"9389","0.32","80","2.64"
"075180","새론오토모티브","5060","10","0.20","730","6.93",,,"12416","0.41","140","2.77"
"007540","샘표","47400","-1500","-3.07","5356","8.85",,,"86076","0.55","200","0.42"
"248170","샘표식품","34750","-750","-2.11","5188","6.70",,,"47071","0.74","200","0.58"
"007860","서연","6930","-200","-2.81","1091","6.35",,,"21587","0.32","100","1.44"
"200880","서연이화","7860","-290","-3.56","973","8.08","3293","2.39","24588","0.32","150","1.91"
"017390","서울가스","425000","-4500","-1.05","2139","198.69","7600","55.92","266539","1.59","1750","0.41"
"004410","서울식품","201","-4","-1.95",,,,,"69","2.91","0","0.00"
"004415","서울식품우","2710","-15","-0.55",,,,,,,"0","0.00"
"021050","서원","1175","-50","-4.08","311","3.78",,,"2799","0.42","15","1.28"
"008490","서흥","33650","-500","-1.46","4829","6.97","4480","7.51","34874","0.96","500","1.49"
"007610","선도전기","3000","0","0.00",,,,,"4420","0.68","0","0.00"
"136490","선진","9300","-120","-1.27","1804","5.16",,,"17371","0.54","100","1.08"
"014910","성문전자","1550","-80","-4.91","160","9.69",,,"1617","0.96","5","0.32"
"014915","성문전자우","8000","-240","-2.91",,,,,,,"10","0.13"
"003080","성보화학","3275","-10","-0.30","69","47.46",,,"6905","0.47","120","3.66"
"004980","성신양회","9540","-30","-0.31","261","36.55",,,"16637","0.57","200","2.10"
"004985","성신양회우","12500","-200","-1.57",,,,,,,"250","2.00"
"011300","성안","890","50","5.95","383","2.32",,,"636","1.40","0","0.00"
"000180","성창기업지주","1860","-40","-2.11","94","19.79",,,"8360","0.22","0","0.00"
"002420","세기상사","7570","-80","-1.05",,,,,"4355","1.74","0","0.00"
"004360","세방","29800","-850","-2.77","2342","12.72",,,"40513","0.74","200","0.67"
"004365","세방우","8120","-80","-0.98",,,,,,,"205","2.52"
"004490","세방전지","42350","-1500","-3.42","6291","6.73","5429","7.80","88025","0.48","600","1.42"
"001430","세아베스틸지주","16300","-1100","-6.32","5231","3.12","3782","4.31","51304","0.32","1500","9.20"
"306200","세아제강","129500","-7500","-5.47","32640","3.97","54561","2.37","242703","0.53","3500","2.70"
"003030","세아제강지주","146500","-14000","-8.72","43550","3.36",,,"298051","0.49","1750","1.19"
"019440","세아특수강","17150","-700","-3.92","3130","5.48",,,"39391","0.44","1200","7.00"
"058650","세아홀딩스","108000","-1000","-0.92","12479","8.65",,,"498163","0.22","2750","2.55"
"013000","세우글로벌","1640","-65","-3.81","73","22.47",,,"1569","1.05","0","0.00"
"091090","세원이앤씨","560","-96","-14.63",,,,,"1166","0.48","0","0.00"
"021820","세원정공","6150","-120","-1.91",,,,,"45187","0.14","25","0.41"
"067830","세이브존I&C","2500","-50","-1.96","197","12.69",,,"12126","0.21","30","1.20"
"033530","세종공업","5480","-60","-1.08",,,,,"14814","0.37","100","1.82"
"075580","세진중공업","5150","-120","-2.28","297","17.34","612","8.41","2983","1.73","150","2.91"
"027970","세하","1125","-10","-0.88","178","6.32",,,"1702","0.66","0","0.00"
"308170","센트랄모텍","13000","-350","-2.62","166","78.31",,,"11373","1.14","0","0.00"
"012600","센트럴인사이트","2490","0","0.00",,,,,"1462","1.70","0","0.00"
"068270","셀트리온","160500","-5000","-3.02","3982","40.31","5155","31.14","27267","5.89","750","0.47"
"336370","솔루스첨단소재","30000","0","0.00","289","103.81","459","65.38","7359","4.08","100","0.33"
"33637K","솔루스첨단소재1우","7980","0","0.00",,,,,,,"101","1.27"
"33637L","솔루스첨단소재2우B","9980","-70","-0.70",,,,,,,"100","1.00"
"248070","솔루엠","17400","200","1.16","274","63.50","1494","11.65","5368","3.24","0","0.00"
"004430","송원산업","17200","-100","-0.58","3011","5.71","5408","3.18","22636","0.76","200","1.16"
"126720","수산인더스트리","22000","-500","-2.22","2114","10.41",,,"27086","0.81","400","1.82"
"017550","수산중공업","2665","-125","-4.48","211","12.63",,,"2261","1.18","10","0.38"
"053210","스카이라이프","8140","-210","-2.51","1266","6.43","1439","5.66","16643","0.49","350","4.30"
"026890","스틱인베스트먼트","5160","-190","-3.55","1537","3.36",,,"6111","0.84","150","2.91"
"134790","시디즈","39250","-850","-2.12","7704","5.09","4200","9.35","36600","1.07","400","1.02"
"016590","신대양제지","86000","100","0.12","14644","5.87",,,"139181","0.62","1250","1.45"
"029530","신도리코","32350","-200","-0.61","9845","3.29",,,"99889","0.32","1500","4.64"
"004970","신라교역","11300","-400","-3.42","2804","4.03",,,"35004","0.32","500","4.42"
"011930","신성이엔지","1555","-30","-1.89",,,,,"1029","1.51","0","0.00"
"005390","신성통상","2235","10","0.45","533","4.19",,,"2389","0.94","0","0.00"
"004170","신세계","220000","-9000","-3.93","31193","7.05","39754","5.53","380637","0.58","3000","1.36"
"035510","신세계 I&C","13750","-350","-2.48","3144","4.37",,,"21018","0.65","250","1.82"
"034300","신세계건설","16550","-500","-2.93","6539","2.53",,,"56534","0.29","850","5.14"
"031430","신세계인터내셔날","24750","-1300","-4.99","2300","10.76","3345","7.40","20084","1.23","300","1.21"
"031440","신세계푸드","48050","-400","-0.83","624","77.00","4390","10.95","73553","0.65","750","1.56"
"006880","신송홀딩스","5990","-240","-3.85","668","8.97",,,"8722","0.69","120","2.00"
"005800","신영와코루","11150","450","4.21","721","15.46",,,"35880","0.31","150","1.35"
"001720","신영증권","57100","-400","-0.70","10783","5.30",,,"177863","0.32","4000","7.01"
"001725","신영증권우","57500","0","0.00",,,,,,,"4050","7.04"
"009270","신원","1545","-75","-4.63","165","9.36",,,"2665","0.58","50","3.24"
"002700","신일전자","1860","-20","-1.06","114","16.32",,,"1175","1.58","25","1.34"
"002870","신풍","1150","-50","-4.17",,,,,"3226","0.36","60","5.22"
"019170","신풍제약","21150","150","0.71",,,,,"6896","3.07","0","0.00"
"019175","신풍제약우","41550","-550","-1.31",,,,,,,"0","0.00"
"055550","신한지주","35200","-700","-1.95","7308","4.82","9283","3.79","88548","0.40","1960","5.57"
"004080","신흥","14800","-100","-0.67","1418","10.44",,,"10783","1.37","220","1.49"
"102280","쌍방울","317","-14","-4.23",,,,,"869","0.36","0","0.00"
"003410","쌍용C&E","5760","-40","-0.69","370","15.57","344","16.74","3296","1.75","440","7.64"
"003620","쌍용차","8760","0","0.00",,,,,,,"0","0.00"
"004770","써니전자","2595","15","0.58","129","20.12",,,"1956","1.33","0","0.00"
"015540","쎌마테라퓨틱스","6410","0","0.00",,,,,"573","11.19","0","0.00"
"403550","쏘카","21750","-400","-1.81","297","73.23","49","440.94","5241","4.15","0","0.00"
"004920","씨아이테크","876","-11","-1.24",,,,,"1202","0.73","0","0.00"
"112610","씨에스윈드","68800","-1700","-2.41","1598","43.05","2419","28.44","21204","3.24","600","0.87"
"008700","아남전자","1670","-40","-2.34","172","9.71",,,"1016","1.64","0","0.00"
"002790","아모레G","34900","-1200","-3.32","1989","17.55","1919","18.19","36853","0.95","450","1.29"
"00279K","아모레G3우(전환)","28000","-500","-1.75",,,,,,,"667","2.38"
"002795","아모레G우","13800","-100","-0.72",,,,,,,"455","3.30"
"090430","아모레퍼시픽","137500","-3500","-2.48","2820","48.76","3878","35.46","69049","1.99","980","0.71"
"090435","아모레퍼시픽우","48300","200","0.42",,,,,,,"985","2.04"
"002030","아세아","131500","1000","0.77","56785","2.32",,,"491013","0.27","3000","2.28"
"183190","아세아시멘트","9260","-230","-2.42","2431","3.81",,,"23262","0.40","225","2.43"
"002310","아세아제지","39400","-300","-0.76","10160","3.88",,,"79766","0.49","900","2.28"
"012170","아센디오","829","-11","-1.31",,,,,"564","1.47","0","0.00"
"267850","아시아나IDT","15900","-1650","-9.40","2375","6.69",,,"14016","1.13","500","3.14"
"020560","아시아나항공","14000","-400","-2.78",,,"403","34.73","6775","2.07","0","0.00"
"122900","아이마켓코리아","10100","-200","-1.94","1213","8.33","1017","9.93","11569","0.87","600","5.94"
"010780","아이에스동서","28200","-1300","-4.41","3447","8.18","6450","4.37","40644","0.69","1200","4.26"
"139990","아주스틸","9290","-340","-3.53","1459","6.37",,,"8901","1.04","0","0.00"
"001780","알루코","2585","-65","-2.45","43","60.12",,,"2537","1.02","0","0.00"
"018250","애경산업","20900","-50","-0.24","600","34.83","1396","14.97","13210","1.58","200","0.96"
"161000","애경케미칼","8870","-410","-4.42","2302","3.85",,,"14384","0.62","550","6.20"
"011090","에넥스","768","-29","-3.64","174","4.41",,,"1120","0.69","0","0.00"
"137310","에스디바이오센서","30150","-350","-1.15","10918","2.76","4060","7.43","21658","1.39","1266","4.20"
"005850","에스엘","22950","-550","-2.34","2094","10.96","4953","4.63","32608","0.70","500","2.18"
"010580","에스엠벡셀","1745","30","1.75",,,,,"494","3.53","0","0.00"
"012750","에스원","59300","-1500","-2.47","3815","15.54","4223","14.04","42676","1.39","2500","4.22"
"023960","에쓰씨엔지니어링","1595","-5","-0.31",,,,,"1001","1.59","0","0.00"
"298690","에어부산","2725","-150","-5.22",,,,,"1759","1.55","0","0.00"
"078520","에이블씨엔씨","5240","-120","-2.24",,,,,"4373","1.20","0","0.00"
"015260","에이엔피","1610","-15","-0.92",,,,,"1342","1.20","0","0.00"
"007460","에이프로젠","572","0","0.00",,,,,"1687","0.34","0","0.00"
"003060","에이프로젠제약","503","9","1.82","20","25.15",,,"1274","0.39","0","0.00"
"244920","에이플러스에셋","4840","-115","-2.32","535","9.05","575","8.42","4341","1.11","150","3.10"
"036570","엔씨소프트","448000","14500","3.34","19318","23.19","24560","18.24","155059","2.89","5860","1.31"
"380440","엔에이치스팩19호","1955","5","0.26",,,,,,,"0","0.00"
"085310","엔케이","870","1","0.12","142","6.13",,,"1302","0.67","0","0.00"
"097520","엠씨넥스","27900","-900","-3.13","2229","12.52","2505","11.14","16767","1.66","500","1.79"
"014440","영보화학","3420","-70","-2.01","180","19.00",,,"7960","0.43","100","2.92"
"111770","영원무역","46950","-900","-1.88","6795","6.91","10955","4.29","50585","0.93","1000","2.13"
"009970","영원무역홀딩스","61400","-800","-1.29","19026","3.23","22111","2.78","140307","0.44","2000","3.26"
"003520","영진약품","3250","90","2.85",,,,,"573","5.67","0","0.00"
"000670","영풍","605000","-14000","-2.26","72187","8.38","174806","3.46","2011831","0.30","10000","1.65"
"006740","영풍제지","12300","400","3.36","362","33.98",,,"7504","1.64","40","0.33"
"012280","영화금속","796","-16","-1.97",,,,,"1156","0.69","0","0.00"
"012160","영흥","709","-21","-2.88","83","8.54",,,"2387","0.30","0","0.00"
"015360","예스코홀딩스","31500","-200","-0.63","5064","6.22",,,"114939","0.27","2250","7.14"
"007310","오뚜기","476000","-6000","-1.24","38054","12.51","39160","12.16","442610","1.08","8000","1.68"
"002630","오리엔트바이오","613","-6","-0.97","288","2.13",,,"702","0.87","0","0.00"
"271560","오리온","128000","500","0.39","6519","19.63","9045","14.15","55935","2.29","750","0.59"
"001800","오리온홀딩스","15350","-300","-1.92","1429","10.74",,,"34867","0.44","650","4.23"
"011690","와이투솔루션","594","-1","-0.17",,,,,"550","1.08","0","0.00"
"070960","용평리조트","3530","-30","-0.84","180","19.61",,,"8025","0.44","0","0.00"
"316140","우리금융지주","11550","-250","-2.12","3481","3.32","4415","2.62","35494","0.33","900","7.79"
"010050","우리종금","744","-19","-2.49","91","8.18","90","8.23","686","1.08","20","2.69"
"006980","우성","21500","-400","-1.83",,,,,"67106","0.32","150","0.70"
"017370","우신시스템","3200","-5","-0.16",,,,,"5363","0.60","0","0.00"
"105840","우진","8380","-120","-1.41",,,"502","16.70","7106","1.18","100","1.19"
"010400","우진아이엔에스","5110","-90","-1.73",,,,,"14448","0.35","100","1.96"
"049800","우진플라임","3530","-35","-0.98","1126","3.13",,,"4106","0.86","50","1.42"
"016880","웅진","1185","5","0.42","289","4.10",,,"762","1.56","0","0.00"
"095720","웅진씽크빅","2400","-70","-2.83","381","6.30","334","7.19","3219","0.75","130","5.42"
"005820","원림","20550","0","0.00","685","30.00",,,"51925","0.40","250","1.22"
"010600","웰바이오텍","1065","-40","-3.62",,,,,"559","1.91","0","0.00"
"008600","윌비스","689","-6","-0.86",,,,,"1711","0.40","0","0.00"
"033270","유나이티드제약","22750","-450","-1.94","1930","11.79",,,"20259","1.12","370","1.63"
"014830","유니드","81400","-1100","-1.33","20907","3.89",,,"114016","0.71","1700","2.09"
"446070","유니드비티플러스","8400","50","0.60",,,,,,,"0","0.00"
"000910","유니온","4705","-105","-2.18","564","8.34",,,"8391","0.56","125","2.66"
"047400","유니온머티리얼","2460","-55","-2.19","13","189.23",,,"1997","1.23","35","1.42"
"011330","유니켐","1215","-10","-0.82","52","23.37",,,"1521","0.80","30","2.47"
"077500","유니퀘스트","8250","-200","-2.37","2342","3.52",,,"11339","0.73","300","3.64"
"002920","유성기업","2675","-35","-1.29","311","8.60",,,"10639","0.25","120","4.49"
"000700","유수홀딩스","6400","-280","-4.19","991","6.46",,,"13108","0.49","400","6.25"
"003470","유안타증권","2395","-35","-1.44","719","3.33",,,"7421","0.32","180","7.52"
"003475","유안타증권우","2365","-15","-0.63",,,,,,,"230","9.73"
"072130","유엔젤","3010","-50","-1.63","1271","2.37",,,"4368","0.69","0","0.00"
"000220","유유제약","6220","-170","-2.66",,,,,"6458","0.96","105","1.69"
"000225","유유제약1우","7680","-20","-0.26",,,,,,,"110","1.43"
"000227","유유제약2우B","15050","-50","-0.33",,,,,,,"110","0.73"
"001200","유진투자증권","2340","-55","-2.30","966","2.42",,,"10239","0.23","140","5.98"
"000100","유한양행","57200","-300","-0.52","1431","39.97","1453","39.36","27069","2.11","400","0.70"
"000105","유한양행우","54600","-400","-0.73",,,,,,,"410","0.75"
"003460","유화증권","2230","-20","-0.89","156","14.29",,,"8013","0.28","130","5.83"
"003465","유화증권우","2460","0","0.00",,,,,,,"140","5.69"
"008730","율촌화학","36450","-750","-2.02","341","106.89",,,"13954","2.61","500","1.37"
"008250","이건산업","7140","-270","-3.64","1091","6.54",,,"17759","0.40","200","2.80"
"025820","이구산업","3130","35","1.13","630","4.97",,,"3669","0.85","50","1.60"
"214320","이노션","41150","-750","-1.79","3294","12.49","4271","9.63","41003","1.00","1800","4.37"
"139480","이마트","98000","-7500","-7.11","56152","1.75","11593","8.45","369202","0.27","2000","2.04"
"007660","이수페타시스","5630","-230","-3.92",,,"1573","3.58","1984","2.84","0","0.00"
"005950","이수화학","18200","-450","-2.41","3584","5.08",,,"10433","1.74","500","2.75"
"015020","이스타코","820","-37","-4.32","38","21.58",,,"1294","0.63","0","0.00"
"093230","이아이디","862","-36","-4.01","60","14.37",,,"2670","0.32","0","0.00"
"074610","이엔플러스","4725","95","2.05",,,,,"1405","3.36","0","0.00"
"102460","이연제약","21650","-700","-3.13","305","70.98",,,"13436","1.61","250","1.15"
"084680","이월드","1510","-40","-2.58",,,,,"1689","0.89","0","0.00"
"000760","이화산업","15750","-650","-3.96","16817","0.94",,,"52259","0.30","0","0.00"
"014990","인디에프","1510","-70","-4.43",,,,,"537","2.81","0","0.00"
"101140","인바이오젠","775","-41","-5.02","1753","0.44",,,"2607","0.30","0","0.00"
"006490","인스코비","1290","-50","-3.73","50","25.80",,,"604","2.14","0","0.00"
"023800","인지컨트롤스","6990","-190","-2.65","234","29.87",,,"12678","0.55","150","2.15"
"034590","인천도시가스","27900","-800","-2.79","901","30.97",,,"46433","0.60","1250","4.48"
"129260","인터지스","2800","-115","-3.95","519","5.39",,,"7246","0.39","100","3.57"
"023810","인팩","6660","-50","-0.75","306","21.76",,,"10103","0.66","180","2.70"
"249420","일동제약","28550","-1400","-4.67",,,,,"6429","4.44","0","0.00"
"000230","일동홀딩스","20150","-850","-4.05",,,,,"4723","4.27","100","0.50"
"013360","일성건설","2140","-70","-3.17","98","21.84",,,"2021","1.06","30","1.40"
"003120","일성신약","84400","-1900","-2.20",,,,,"225529","0.37","750","0.89"
"003200","일신방직","103000","1500","1.48","27763","3.71",,,"341544","0.30","3000","2.91"
"007110","일신석재","1020","-50","-4.67",,,,,"675","1.51","0","0.00"
"007570","일양약품","19350","-450","-2.27","790","24.49",,,"12017","1.61","200","1.03"
"007575","일양약품우","21100","-300","-1.40",,,,,,,"225","1.07"
"008500","일정실업","16400","100","0.61",,,,,"15717","1.04","0","0.00"
"081000","일진다이아","16600","-400","-2.35","598","27.76",,,"28934","0.57","400","2.41"
"020760","일진디스플","1205","10","0.84",,,,,"268","4.50","0","0.00"
"020150","일진머티리얼즈","51900","100","0.19","1361","38.13","2341","22.17","21440","2.42","300","0.58"
"103590","일진전기","5310","-140","-2.57","403","13.18",,,"8714","0.61","100","1.88"
"271940","일진하이솔루스","29850","-950","-3.08","284","105.11","271","110.33","8459","3.53","0","0.00"
"015860","일진홀딩스","3820","-135","-3.41","437","8.74","385","9.92","9069","0.42","150","3.93"
"226320","잇츠한불","17850","-550","-2.99",,,,,"21524","0.83","200","1.12"
"317400","자이에스앤디","6030","-140","-2.27","1052","5.73","1858","3.25","7839","0.77","200","3.32"
"033240","자화전자","21250","-1150","-5.13","1279","16.61","1657","12.83","17751","1.20","0","0.00"
"000950","전방","44450","-1050","-2.31","140","317.50",,,"126397","0.35","0","0.00"
"194370","제이에스코퍼레이션","13400","-650","-4.63","3876","3.46",,,"16003","0.84","600","4.48"
"025620","제이준코스메틱","6030","-250","-3.98",,,,,"16060","0.38","0","0.00"
"030000","제일기획","23050","-50","-0.22","1634","14.11","2208","10.44","11030","2.09","990","4.30"
"271980","제일약품","21000","850","4.22",,,,,"11534","1.82","65","0.31"
"001560","제일연마","8650","-180","-2.04","813","10.64",,,"12565","0.69","270","3.12"
"002620","제일파마홀딩스","15400","1850","13.65",,,,,"26821","0.57","65","0.42"
"006220","제주은행","10650","-700","-6.17","514","20.72",,,"16059","0.66","100","0.94"
"089590","제주항공","14900","-350","-2.30",,,"1417","10.51","3374","4.42","0","0.00"
"004910","조광페인트","7520","-230","-2.97",,,,,"17256","0.44","100","1.33"
"004700","조광피혁","49200","100","0.20","3153","15.60",,,"106105","0.46","300","0.61"
"001550","조비","15300","450","3.03","357","42.86",,,"10258","1.49","0","0.00"
"000480","조선내화","75800","-700","-0.92","7840","9.67",,,"207776","0.36","4500","5.94"
"120030","조선선재","99700","-1800","-1.77","14114","7.06",,,"124685","0.80","1500","1.50"
"018470","조일알미늄","2355","-60","-2.48","161","14.63",,,"1361","1.73","0","0.00"
"002600","조흥","202500","1000","0.50","26792","7.56",,,"242899","0.83","6500","3.21"
"185750","종근당","82100","-2600","-3.07","3451","23.79","7415","11.07","45900","1.79","1000","1.22"
"063160","종근당바이오","23800","-200","-0.83",,,,,"29437","0.81","100","0.42"
"001630","종근당홀딩스","53000","-2100","-3.81","3212","16.50",,,"109358","0.48","1400","2.64"
"044380","주연테크","806","-48","-5.62","64","12.59",,,"794","1.02","0","0.00"
"013890","지누스","35000","-1650","-4.50","3076","11.38","3949","8.86","28645","1.22","850","2.43"
"013870","지엠비코리아","4450","-80","-1.77","511","8.71",,,"12569","0.35","80","1.80"
"071320","지역난방공사","28500","-100","-0.35","1399","20.37",,,"157459","0.18","797","2.80"
"035000","지투알","5900","-40","-0.67","1067","5.53",,,"9942","0.59","350","5.93"
"088790","진도","2635","-110","-4.01","287","9.18",,,"8077","0.33","40","1.52"
"003780","진양산업","6240","-90","-1.42","477","13.08",,,"3652","1.71","175","2.80"
"010640","진양폴리","4420","-90","-2.00","380","11.63",,,"2947","1.50","175","3.96"
"100250","진양홀딩스","3025","-50","-1.63","183","16.53",,,"5936","0.51","170","5.62"
"051630","진양화학","3595","-35","-0.96",,,,,"1953","1.84","0","0.00"
"272450","진에어","16450","-750","-4.36",,,"1524","10.79","3352","4.91","0","0.00"
"011000","진원생명과학","7140","-140","-1.92",,,,,"2659","2.69","0","0.00"
"002780","진흥기업","1275","-50","-3.77","367","3.47",,,"1166","1.09","0","0.00"
"002787","진흥기업2우B","13000","100","0.78",,,,,,,"0","0.00"
"002785","진흥기업우B","4935","30","0.61",,,,,,,"0","0.00"
"009310","참엔지니어링","710","-21","-2.87",,,,,"1387","0.51","0","0.00"
"000650","천일고속","60500","0","0.00",,,,,"25177","2.40","2500","4.13"
"033250","체시스","896","-18","-1.97",,,,,"895","1.00","0","0.00"
"118000","초록뱀헬스케어","520","-21","-3.88","118","4.41",,,"1468","0.35","0","0.00"
"035720","카카오","53100","-500","-0.93","3221","16.49","1277","41.59","23018","2.31","53","0.10"
"323410","카카오뱅크","24300","-750","-2.99","467","52.03","785","30.94","11620","2.09","0","0.00"
"377300","카카오페이","54200","-1100","-1.99",,,"122","442.76","12839","4.22","0","0.00"
"006380","카프로","1960","-40","-2.00","49","40.00",,,"3150","0.62","0","0.00"
"109070","컨버즈","4100","0","0.00",,,,,"548","7.48","0","0.00"
"001620","케이비아이동국실업","610","-8","-1.29",,,,,"1921","0.32","0","0.00"
"029460","케이씨","17050","-200","-1.16","4200","4.06",,,"53833","0.32","300","1.76"
"281820","케이씨텍","14800","-550","-3.58","2011","7.36","2174","6.81","18467","0.80","220","1.49"
"381970","케이카","11550","-900","-7.23","1004","11.50","1087","10.63","5729","2.02","750","6.49"
"007815","코리아써우","6820","-280","-3.94",,,,,,,"0","0.00"
"007810","코리아써키트","12000","-400","-3.23","2053","5.85","3544","3.39","14860","0.81","0","0.00"
"00781K","코리아써키트2우B","8130","30","0.37",,,,,,,"0","0.00"
"003690","코리안리","6810","-180","-2.58","1216","5.60","1376","4.95","21112","0.32","525","7.71"
"192820","코스맥스","74100","800","1.09","6944","10.67","6746","10.98","49474","1.50","550","0.74"
"044820","코스맥스비티아이","8870","-310","-3.38","1479","6.00",,,"32252","0.28","260","2.93"
"005070","코스모신소재","51800","-1500","-2.81","604","85.76","1250","41.43","6831","7.58","0","0.00"
"005420","코스모화학","20550","-600","-2.84","348","59.05","1201","17.11","4803","4.28","0","0.00"
"071950","코아스","730","-31","-4.07",,,,,"607","1.20","0","0.00"
"002020","코오롱","21900","-800","-3.52","10125","2.16",,,"64159","0.34","550","2.51"
"003070","코오롱글로벌","18750","0","0.00","5454","3.44","6531","2.87","23514","0.80","500","2.67"
"003075","코오롱글로벌우","36400","0","0.00",,,,,,,"550","1.51"
"002025","코오롱우","16750","-200","-1.18",,,,,,,"600","3.58"
"120110","코오롱인더","41150","-1250","-2.95","6336","6.49","7761","5.30","80483","0.51","1300","3.16"
"120115","코오롱인더우","23800","-200","-0.83",,,,,,,"1350","5.67"
"138490","코오롱플라스틱","8740","-190","-2.13","572","15.28","1053","8.30","5803","1.51","145","1.66"
"021240","코웨이","55900","-1000","-1.76","6418","8.71","7480","7.47","26268","2.13","1250","2.24"
"036420","콘텐트리중앙","28550","-600","-2.06",,,"745","38.33","9670","2.95","0","0.00"
"031820","콤텍시스템","607","-18","-2.88","28","21.68",,,"1158","0.52","0","0.00"
"192400","쿠쿠홀딩스","16450","150","0.92","4660","3.53",,,"28532","0.58","700","4.26"
"284740","쿠쿠홈시스","29400","-850","-2.81","6784","4.33",,,"28790","1.02","650","2.21"
"015590","큐로","343","-2","-0.58",,,,,"424","0.81","0","0.00"
"264900","크라운제과","8500","-260","-2.97","1024","8.30",,,"12554","0.68","250","2.94"
"26490K","크라운제과우","10700","-300","-2.73",,,,,,,"252","2.36"
"005740","크라운해태홀딩스","6790","-110","-1.59","294","23.10",,,"18951","0.36","100","1.47"
"005745","크라운해태홀딩스우","10700","50","0.47",,,,,,,"105","0.98"
"259960","크래프톤","168000","-1500","-0.88","12022","13.97","13554","12.39","98465","1.71","0","0.00"
"020120","키다리스튜디오","9150","120","1.33","114","80.26",,,"6419","1.43","0","0.00"
"039490","키움증권","84000","-3900","-4.44","31680","2.65","18917","4.44","149422","0.56","3500","4.17"
"014580","태경비케이","5200","-250","-4.59","338","15.38",,,"5502","0.95","110","2.12"
"015890","태경산업","6480","-20","-0.31","900","7.20",,,"9204","0.70","270","4.17"
"006890","태경케미컬","10750","-50","-0.46","963","11.16",,,"12420","0.87","220","2.05"
"003240","태광산업","746000","1000","0.13","377488","1.98",,,"4626787","0.16","1750","0.23"
"011280","태림포장","2865","-125","-4.18","247","11.60",,,"4700","0.61","50","1.75"
"004100","태양금속","1445","15","1.05",,,,,"2312","0.63","5","0.35"
"004105","태양금속우","2325","95","4.26",,,,,,,"10","0.43"
"009410","태영건설","4030","-75","-1.83","1920","2.10",,,"17753","0.23","350","8.68"
"009415","태영건설우","6690","-120","-1.76",,,,,,,"355","5.31"
"001420","태원물산","3895","-165","-4.06","11","354.09",,,"4273","0.91","55","1.41"
"007980","태평양물산","1715","-65","-3.65",,,,,"3585","0.48","0","0.00"
"055490","테이팩스","52400","-200","-0.38","4009","13.07","6338","8.27","27834","1.88","700","1.34"
"078000","텔코웨어","8750","-20","-0.23","322","27.17","340","25.73","19441","0.45","500","5.71"
"214420","토니모리","4395","-140","-3.09",,,,,"3829","1.15","0","0.00"
"019180","티에이치엔","3495","-130","-3.59","955","3.66",,,"4826","0.72","50","1.43"
"363280","티와이홀딩스","10450","-150","-1.42","4004","2.61",,,"38262","0.27","0","0.00"
"36328K","티와이홀딩스우","10800","0","0.00",,,,,,,"0","0.00"
"091810","티웨이항공","2475","-115","-4.44",,,"252","9.84","306","8.09","0","0.00"
"004870","티웨이홀딩스","525","-30","-5.41",,,,,"491","1.07","0","0.00"
"005690","파미셀","11300","-150","-1.31","159","71.07","375","30.12","1090","10.37","0","0.00"
"036580","팜스코","3900","10","0.26","88","44.32",,,"8484","0.46","100","2.56"
"004720","팜젠사이언스","6680","-360","-5.11","2206","3.03",,,"8356","0.80","0","0.00"
"028670","팬오션","5730","-160","-2.72","1028","5.57","1224","4.68","6728","0.85","100","1.75"
"010820","퍼스텍","3280","-170","-4.93","81","40.49",,,"906","3.62","0","0.00"
"016800","퍼시스","30400","350","1.16","4917","6.18",,,"54249","0.56","1100","3.62"
"001020","페이퍼코리아","1095","-25","-2.23","240","4.56",,,"1111","0.99","0","0.00"
"090080","평화산업","1175","-20","-1.67","4","293.75",,,"473","2.48","0","0.00"
"010770","평화홀딩스","3750","-75","-1.96",,,,,"6351","0.59","150","4.00"
"058430","포스코스틸리온","32200","-950","-2.87","17070","1.89",,,"53623","0.60","1000","3.11"
"047050","포스코인터내셔널","22600","-1000","-4.24","2924","7.73","4427","5.11","28259","0.80","800","3.54"
"003670","포스코케미칼","180000","1000","0.56","1753","102.68","4966","36.24","30845","5.84","300","0.17"
"017810","풀무원","11200","-250","-2.18","325","34.46","1373","8.15","11434","0.98","102","0.91"
"103140","풍산","33650","-450","-1.32","8686","3.87","5551","6.06","60099","0.56","1000","2.97"
"005810","풍산홀딩스","28300","-550","-1.91","17743","1.59","6907","4.10","91007","0.31","1400","4.95"
"009810","플레이그램","800","12","1.52",,,,,"577","1.39","0","0.00"
"086790","하나금융지주","42050","-100","-0.24","11819","3.56","12721","3.31","117363","0.36","3100","7.37"
"293480","하나제약","18250","1350","7.99","1679","10.87","1744","10.46","14561","1.25","510","2.79"
"039130","하나투어","60500","-2000","-3.20",,,"619","97.66","6225","9.72","0","0.00"
"352820","하이브","173500","3500","2.06","3625","47.86","4626","37.50","67998","2.55","0","0.00"
"071090","하이스틸","3300","-220","-6.25","576","5.73",,,"6894","0.48","40","1.21"
"019490","하이트론","2470","0","0.00",,,,,"2159","1.14","0","0.00"
"000080","하이트진로","25550","-1150","-4.31","1031","24.78","1925","13.28","15657","1.63","800","3.13"
"000087","하이트진로2우B","16600","-150","-0.90",,,,,,,"850","5.12"
"000140","하이트진로홀딩스","9720","-430","-4.24","1529","6.36",,,"23538","0.41","450","4.63"
"000145","하이트진로홀딩스우","13200","0","0.00",,,,,,,"500","3.79"
"036460","한국가스공사","36200","-2200","-5.73","11078","3.27","14367","2.52","103337","0.35","2728","7.54"
"005430","한국공항","40250","-450","-1.11","1063","37.86",,,"94851","0.42","0","0.00"
"071050","한국금융지주","53300","-1800","-3.27","30208","1.76","13191","4.04","126688","0.42","6150","11.54"
"071055","한국금융지주우","43100","-1250","-2.82",,,,,,,"6212","14.41"
"010040","한국내화","2815","-45","-1.57","182","15.47",,,"7164","0.39","35","1.24"
"025540","한국단자","51800","-1100","-2.08","6100","8.49","5281","9.81","81648","0.63","700","1.35"
"004090","한국석유","10300","-400","-3.74","923","11.16","1308","7.88","12581","0.82","110","1.07"
"002200","한국수출포장","28750","-50","-0.17","4120","6.98",,,"68809","0.42","700","2.43"
"002960","한국쉘석유","233500","-2500","-1.06","22343","10.45",,,"84273","2.77","19000","8.14"
"000240","한국앤컴퍼니","13950","-150","-1.06","2094","6.66","1655","8.43","39349","0.35","600","4.30"
"123890","한국자산신탁","2985","-115","-3.71","878","3.40","1170","2.55","6940","0.43","220","7.37"
"015760","한국전력","21800","-650","-2.90",,,,,"99334","0.22","0","0.00"
"006200","한국전자홀딩스","1000","-35","-3.38","531","1.88",,,"2900","0.34","0","0.00"
"009540","한국조선해양","70700","-2500","-3.42",,,"9906","7.14","139385","0.51","0","0.00"
"023350","한국종합기술","6710","-290","-4.14","1061","6.32",,,"13678","0.49","100","1.49"
"025890","한국주강","2560","-40","-1.54",,,,,"2518","1.02","0","0.00"
"000970","한국주철관","6780","-220","-3.14","3055","2.22",,,"15753","0.43","400","5.90"
"104700","한국철강","6090","-180","-2.87","2435","2.50","1875","3.25","18601","0.33","250","4.11"
"017960","한국카본","11050","-350","-3.07","334","33.08","1155","9.57","9042","1.22","150","1.36"
"161890","한국콜마","42600","-600","-1.39","1565","27.22","3187","13.37","29876","1.43","415","0.97"
"024720","한국콜마홀딩스","15750","-200","-1.25","1181","13.34",,,"31792","0.50","245","1.56"
"161390","한국타이어앤테크놀로지","31150","-1550","-4.74","4901","6.36","5023","6.20","66955","0.47","700","2.25"
"034830","한국토지신탁","1310","-40","-2.96","611","2.14",,,"4475","0.29","100","7.63"
"007280","한국특강","1945","35","1.83","691","2.81",,,"2667","0.73","0","0.00"
"010100","한국프랜지","2700","-75","-2.70","612","4.41",,,"8412","0.32","90","3.33"
"047810","한국항공우주","50900","300","0.59","656","77.59","2488","20.46","13023","3.91","200","0.39"
"123690","한국화장품","8140","-260","-3.10",,,,,"1369","5.95","0","0.00"
"003350","한국화장품제조","28550","-1150","-3.87",,,,,"11859","2.41","0","0.00"
"011500","한농화성","9970","-230","-2.25","1288","7.74",,,"9658","1.03","230","2.31"
"002390","한독","16750","-300","-1.76","239","70.08",,,"27900","0.60","350","2.09"
"053690","한미글로벌","26900","-700","-2.54","1537","17.50","2373","11.34","14014","1.92","450","1.67"
"042700","한미반도체","11500","-400","-3.36","1057","10.88","954","12.05","3506","3.28","300","2.61"
"008930","한미사이언스","32450","-1200","-3.57","626","51.84",,,"10080","3.22","200","0.62"
"128940","한미약품","298000","-2000","-0.67","5385","55.34","8609","34.62","64542","4.62","500","0.17"
"009240","한샘","44600","-850","-1.87","3266","13.66","1712","26.04","36438","1.22","1550","3.48"
"020000","한섬","27050","-550","-1.99","5214","5.19","5427","4.98","56341","0.48","600","2.22"
"003680","한성기업","5140","-70","-1.34",,,,,"7888","0.65","0","0.00"
"105630","한세실업","15400","-500","-3.14","1716","8.97","2741","5.62","11835","1.30","500","3.25"
"069640","한세엠케이","2965","-25","-0.84",,,,,"4295","0.69","0","0.00"
"016450","한세예스24홀딩스","4625","-200","-4.15","1026","4.51",,,"12066","0.38","250","5.41"
"010420","한솔PNS","1560","-30","-1.89","169","9.23",,,"2273","0.69","25","1.60"
"009180","한솔로지스틱스","2820","-60","-2.08","855","3.30",,,"2859","0.99","60","2.13"
"213500","한솔제지","13250","-200","-1.49","575","23.04","4245","3.12","28568","0.46","600","4.53"
"014680","한솔케미칼","185500","-9000","-4.63","13332","13.91","15401","12.04","61936","3.00","2100","1.13"
"004710","한솔테크닉스","5100","-200","-3.77",,,,,"8848","0.58","0","0.00"
"004150","한솔홀딩스","3270","-70","-2.10","514","6.36","1238","2.64","12394","0.26","120","3.67"
"025750","한솔홈데코","1025","-25","-2.38","68","15.07",,,"1984","0.52","20","1.95"
"004960","한신공영","8490","-220","-2.53","4187","2.03","4061","2.09","58000","0.15","350","4.12"
"011700","한신기계","6400","-400","-5.88","133","48.12",,,"2791","2.29","45","0.70"
"001750","한양증권","8210","-400","-4.65","6206","1.32","2792","2.94","32750","0.25","900","10.96"
"001755","한양증권우","12850","-200","-1.53",,,,,,,"950","7.39"
"018880","한온시스템","8090","-10","-0.12","578","14.00","554","14.61","4391","1.84","360","4.45"
"009420","한올바이오파마","17800","-200","-1.11","174","102.30","249","71.53","3193","5.57","0","0.00"
"014130","한익스프레스","5260","-80","-1.50","240","21.92",,,"5978","0.88","0","0.00"
"300720","한일시멘트","11650","-300","-2.51","1179","9.88","1858","6.27","20557","0.57","540","4.64"
"002220","한일철강","2815","-60","-2.09","1055","2.67",,,"7201","0.39","50","1.78"
"006390","한일현대시멘트","17500","-600","-3.31","2310","7.58",,,"18240","0.96","1200","6.86"
"003300","한일홀딩스","10800","-200","-1.82","1462","7.39",,,"44782","0.24","550","5.09"
"051600","한전KPS","33200","-1600","-4.60","2193","15.14","2615","12.70","24711","1.34","1199","3.61"
"052690","한전기술","54600","-900","-1.62","432","126.39","734","74.40","13496","4.05","238","0.44"
"130660","한전산업","8510","-270","-3.08","264","32.23",,,"2617","3.25","198","2.33"
"002320","한진","21050","0","0.00","10804","1.95","3724","5.65","84534","0.25","600","2.85"
"003480","한진중공업홀딩스","3895","5","0.13",,,,,"12363","0.32","100","2.57"
"180640","한진칼","37450","-1250","-3.23","247","151.62","4681","8.00","23786","1.57","0","0.00"
"18064K","한진칼우","30500","-750","-2.40",,,,,,,"0","0.00"
"005110","한창","917","6","0.66",,,,,"435","2.11","0","0.00"
"009460","한창제지","1335","-75","-5.32","252","5.30",,,"1819","0.73","20","1.50"
"372910","한컴라이프케어","5850","80","1.39","196","29.85",,,"4221","1.39","0","0.00"
"000880","한화","25650","-1100","-4.11","9781","2.62","11791","2.18","52527","0.49","750","2.92"
"00088K","한화3우B","13850","-400","-2.81",,,,,,,"800","5.78"
"088350","한화생명","2770","65","2.40","1455","1.90","610","4.54","15004","0.18","0","0.00"
"000370","한화손해보험","4660","130","2.87","939","4.96","2158","2.16","12157","0.38","0","0.00"
"009830","한화솔루션","43000","-1200","-2.71","3320","12.95","4270","10.07","42563","1.01","0","0.00"
"009835","한화솔루션우","33800","-600","-1.74",,,,,,,"0","0.00"
"272210","한화시스템","10550","-400","-3.65","642","16.43","252","41.90","11885","0.89","160","1.52"
"012450","한화에어로스페이스","73600","700","0.96","4989","14.75","5774","12.75","57134","1.29","700","0.95"
"000885","한화우","32750","0","0.00",,,,,,,"800","2.44"
"003530","한화투자증권","2350","-105","-4.28","659","3.57",,,"8572","0.27","200","8.51"
"003535","한화투자증권우","5040","80","1.61",,,,,,,"250","4.96"
"195870","해성디에스","35850","-1150","-3.11","4192","8.55","9049","3.96","17313","2.07","600","1.67"
"101530","해태제과식품","6590","-210","-3.09",,,,,"9762","0.68","200","3.03"
"143210","핸즈코퍼레이션","3305","55","1.69",,,,,"11413","0.29","0","0.00"
"000720","현대건설","34900","-700","-1.97","3625","9.63","4729","7.38","64200","0.54","600","1.72"
"267270","현대건설기계","62200","-2400","-3.72","5953","10.45","6473","9.61","69619","0.89","1200","1.93"
"000725","현대건설우","55000","-200","-0.36",,,,,,,"650","1.18"
"005440","현대그린푸드","6730","-270","-3.86","498","13.51","1021","6.59","20905","0.32","210","3.12"
"086280","현대글로비스","163500","-5500","-3.25","20877","7.83","34622","4.72","154732","1.06","3800","2.32"
"042670","현대두산인프라코어","8000","-270","-3.26","5816","1.38","1056","7.58","6945","1.15","0","0.00"
"064350","현대로템","28400","300","1.07","609","46.63","1393","20.39","11847","2.40","0","0.00"
"079430","현대리바트","8590","-470","-5.19","671","12.80",,,"24314","0.35","100","1.16"
"012330","현대모비스","200500","-6500","-3.14","25645","7.82","34674","5.78","387397","0.52","4000","2.00"
"010620","현대미포조선","84500","-3000","-3.43",,,"4651","18.17","54249","1.56","0","0.00"
"069960","현대백화점","59000","-2100","-3.44","8652","6.82","12305","4.79","202283","0.29","1100","1.86"
"004560","현대비앤지스틸","10350","-150","-1.43","4595","2.25",,,"32770","0.32","100","0.97"
"004565","현대비앤지스틸우","50000","-3700","-6.89",,,,,,,"150","0.30"
"004310","현대약품","4790","-250","-4.96",,,,,"3106","1.54","30","0.63"
"322000","현대에너지솔루션","48800","-1800","-3.56",,,"6830","7.14","28600","1.71","0","0.00"
"017800","현대엘리베이","28300","-150","-0.53","2771","10.21",,,"27485","1.03","800","2.83"
"307950","현대오토에버","95500","-4100","-4.12","2702","35.34","4193","22.78","49874","1.91","700","0.73"
"011210","현대위아","49450","-1650","-3.23","2346","21.08","7416","6.67","122356","0.40","700","1.42"
"267260","현대일렉트릭","42500","-1250","-2.86",,,"3802","11.18","17954","2.37","0","0.00"
"004020","현대제철","30600","-1450","-4.52","11110","2.75","8473","3.61","135836","0.23","1000","3.27"
"329180","현대중공업","116000","-4500","-3.73",,,"3580","32.40","63015","1.84","0","0.00"
"005380","현대차","151000","-3000","-1.95","18979","7.96","30354","4.97","289609","0.52","5000","3.31"
"005387","현대차2우B","73900","-2900","-3.78",,,,,,,"5100","6.90"
"005389","현대차3우B","72800","-2200","-2.93",,,,,,,"5050","6.94"
"005385","현대차우","74000","-2700","-3.52",,,,,,,"5050","6.82"
"001500","현대차증권","9090","-300","-3.19","3702","2.46",,,"29950","0.30","800","8.80"
"011760","현대코퍼레이션","16200","-650","-3.86","3146","5.15","5755","2.81","30061","0.54","600","3.70"
"227840","현대코퍼레이션홀딩스","10350","-250","-2.36","1434","7.22",,,"22443","0.46","500","4.83"
"126560","현대퓨처넷","2505","-45","-1.76","846","2.96",,,"6969","0.36","90","3.59"
"001450","현대해상","29450","-650","-2.16","5286","5.57","5772","5.10","63866","0.46","1480","5.03"
"057050","현대홈쇼핑","53900","-1400","-2.53","8881","6.07","11429","4.72","164432","0.33","2400","4.45"
"093240","형지엘리트","1310","-60","-4.38","262","5.00",,,"2200","0.60","0","0.00"
"003010","혜인","6050","-300","-4.72","507","11.93",,,"10380","0.58","130","2.15"
"111110","호전실업","8110","-380","-4.48","1517","5.35",,,"13408","0.60","250","3.08"
"008770","호텔신라","83100","-1500","-1.77","714","116.39","3118","26.65","15228","5.46","200","0.24"
"008775","호텔신라우","62900","0","0.00",,,,,,,"250","0.40"
"002460","화성산업","10500","-50","-0.47","2467","4.26",,,"34410","0.31","1000","9.52"
"378850","화승알앤에이","3595","-55","-1.51","300","11.98",,,"3175","1.13","25","0.70"
"241590","화승엔터프라이즈","9230","-300","-3.15",,,"1202","7.68","8858","1.04","45","0.49"
"006060","화승인더","3850","-125","-3.14",,,,,"6826","0.56","188","4.88"
"013520","화승코퍼레이션","1400","-50","-3.45",,,,,"3250","0.43","25","1.79"
"010690","화신","7220","-150","-2.04","741","9.74","2428","2.97","8760","0.82","70","0.97"
"133820","화인베스틸","2090","-55","-2.56","80","26.13",,,"2690","0.78","0","0.00"
"010660","화천기계","3150","-140","-4.26","272","11.58",,,"6354","0.50","10","0.32"
"000850","화천기공","30650","-150","-0.49","4233","7.24",,,"140159","0.22","1000","3.26"
"016580","환인제약","17600","100","0.57","1746","10.08","1344","13.09","20760","0.85","300","1.70"
"032560","황금에스티","6970","-190","-2.65","1756","3.97",,,"17464","0.40","200","2.87"
"004800","효성","67100","-3200","-4.55","22012","3.05","7237","9.27","131860","0.51","6500","9.69"
"094280","효성ITX","13550","-250","-1.81","1209","11.21",,,"8676","1.56","750","5.54"
"298040","효성중공업","78000","-3300","-4.06","6187","12.61","9362","8.33","100113","0.78","0","0.00"
"298050","효성첨단소재","333500","-13500","-3.89","56109","5.94","47456","7.03","135183","2.47","10000","3.00"
"298020","효성티앤씨","350000","-14000","-3.85","178503","1.96","40507","8.64","329152","1.06","50000","14.29"
"298000","효성화학","99500","-3000","-2.93","22158","4.49","29278","3.40","157800","0.63","0","0.00"
"093370","후성","10700","-400","-3.60","244","43.85","912","11.73","2679","3.99","15","0.14"
"081660","휠라홀딩스","33250","-300","-0.89","3914","8.50","4580","7.26","26806","1.24","1000","3.01"
"005870","휴니드","6050","-300","-4.72","994","6.09",,,"10174","0.59","0","0.00"
"079980","휴비스","4885","-65","-1.31","111","44.01",,,"14188","0.34","300","6.14"
"005010","휴스틸","5070","-20","-0.39","898","5.65",,,"14549","0.35","160","3.16"
"000540","흥국화재","3370","75","2.28","873","3.86",,,"10599","0.32","0","0.00"
"000547","흥국화재2우B","16200","-750","-4.42",,,,,,,"0","0.00"
"000545","흥국화재우","6150","-110","-1.76",,,,,,,"0","0.00"
"003280","흥아해운","1355","-30","-2.17","118","11.48",,,"428","3.17","0","0.00"